statement ok
create table t(v int256);

statement ok
insert into t values
(9000000000000000000000000001),
(9000000000000000000000000002),
(9000000000000000000000000003),
(9000000000000000000000000004),
(9000000000000000000000000005),
(9000000000000000000000000006),
(9000000000000000000000000007),
(9000000000000000000000000008);

query T
select max(d) from t;
----
9000000000000000000000000008

query T
select min(d) from t;
----
9000000000000000000000000001

statement ok
drop table t;